rate,year,country
NA,1962,Argentina
NA,1963,Argentina
NA,1964,Argentina
NA,1965,Argentina
NA,1966,Argentina
NA,1967,Argentina
NA,1968,Argentina
NA,1969,Argentina
NA,1970,Argentina
NA,1971,Argentina
NA,1972,Argentina
NA,1973,Argentina
NA,1974,Argentina
NA,1975,Argentina
NA,1976,Argentina
NA,1977,Argentina
NA,1978,Argentina
NA,1979,Argentina
NA,1980,Argentina
NA,1981,Argentina
NA,1982,Argentina
1e-06,1983,Argentina
7e-06,1984,Argentina
6e-05,1985,Argentina
9.4e-05,1986,Argentina
0.000214,1987,Argentina
0.000875,1988,Argentina
0.042334,1989,Argentina
0.487589,1990,Argentina
0.953554,1991,Argentina
0.990642,1992,Argentina
0.998946,1993,Argentina
0.999008,1994,Argentina
0.99975,1995,Argentina
0.999663,1996,Argentina
0.9995,1997,Argentina
0.9995,1998,Argentina
0.9995,1999,Argentina
0.9995,2000,Argentina
0.9995,2001,Argentina
3.063257,2002,Argentina
2.900629,2003,Argentina
2.923301,2004,Argentina
2.903658,2005,Argentina
3.054313,2006,Argentina
3.095649,2007,Argentina
3.144165,2008,Argentina
3.710107,2009,Argentina
3.896295,2010,Argentina
4.11014,2011,Argentina
4.536934,2012,Argentina
5.459353,2013,Argentina
8.075276,2014,Argentina
9.233186,2015,Argentina
0.88267,1971,Australia
0.838698,1972,Australia
0.703497,1973,Australia
0.892857,1970,Australia
0.892857,1966,Australia
0.892857,1967,Australia
0.892857,1968,Australia
0.892857,1969,Australia
0.892857,1956,Australia
0.892857,1957,Australia
0.892857,1958,Australia
0.892857,1959,Australia
0.696666,1974,Australia
0.763871,1975,Australia
0.818284,1976,Australia
0.901825,1977,Australia
0.892857,1964,Australia
0.892857,1965,Australia
1.309473,2005,Australia
1.327973,2006,Australia
1.195073,2007,Australia
1.192178,2008,Australia
1.282189,2009,Australia
1.090159,2010,Australia
0.969463,2011,Australia
0.892857,1960,Australia
0.892857,1961,Australia
0.892857,1962,Australia
0.892857,1963,Australia
0.892857,1950,Australia
0.892857,1951,Australia
0.873659,1978,Australia
0.894641,1979,Australia
0.878244,1980,Australia
0.870215,1981,Australia
0.985863,1982,Australia
1.110015,1983,Australia
1.139519,1984,Australia
0.965801,2012,Australia
1.035843,2013,Australia
1.109363,2014,Australia
1.33109,2015,Australia
1.840563,2002,Australia
1.541914,2003,Australia
0.892857,1952,Australia
0.892857,1953,Australia
0.892857,1954,Australia
0.892857,1955,Australia
1.349033,1995,Australia
1.277863,1996,Australia
1.34738,1997,Australia
1.591828,1998,Australia
1.54995,1999,Australia
1.724827,2000,Australia
1.933443,2001,Australia
1.279908,1988,Australia
1.264597,1989,Australia
1.359752,2004,Australia
1.283756,1991,Australia
1.361648,1992,Australia
1.47056,1993,Australia
1.367751,1994,Australia
1.495974,1986,Australia
1.42818,1987,Australia
1.431895,1985,Australia
1.281057,1990,Australia
1.109506,1986,Austria
1.503565,1985,Austria
0.848522,1991,Austria
0.798626,1992,Austria
1.454117,1984,Austria
0.940241,1980,Austria
1.157448,1981,Austria
1.239744,1982,Austria
1.305446,1983,Austria
0.886917,1997,Austria
0.899622,1998,Austria
0.938627,1999,Austria
0.918766,1987,Austria
0.89734,1988,Austria
0.96151,1989,Austria
0.826278,1990,Austria
1.453166,1950,Austria
1.552146,1951,Austria
0.845344,1993,Austria
0.830056,1994,Austria
0.732651,1995,Austria
0.769355,1996,Austria
0.755045,2010,Austria
0.719355,2011,Austria
0.778294,2012,Austria
0.753159,2013,Austria
0.753731,2014,Austria
0.901659,2015,Austria
1.358437,1974,Austria
1.265725,1975,Austria
1.303726,1976,Austria
1.201058,1977,Austria
1.055331,1978,Austria
0.971454,1979,Austria
1.889494,1954,Austria
1.889494,1955,Austria
1.889494,1956,Austria
1.889494,1957,Austria
1.889494,1958,Austria
1.085401,2000,Austria
1.11751,2001,Austria
1.062552,2002,Austria
0.886034,2003,Austria
0.805365,2004,Austria
0.80412,2005,Austria
1.552146,1952,Austria
1.774235,1953,Austria
0.682675,2008,Austria
0.719843,2009,Austria
1.889494,1968,Austria
1.889494,1969,Austria
1.889494,1970,Austria
1.815773,1971,Austria
1.679857,1972,Austria
1.422934,1973,Austria
1.889494,1959,Austria
1.889494,1960,Austria
1.889494,1961,Austria
0.797141,2006,Austria
0.730638,2007,Austria
1.889494,1964,Austria
1.889494,1965,Austria
1.889494,1966,Austria
1.889494,1967,Austria
1.889494,1963,Austria
1.889494,1962,Austria
1.239468,1961,Belgium
1.239468,1962,Belgium
1.239468,1960,Belgium
1.239468,1965,Belgium
1.239468,1966,Belgium
1.239468,1963,Belgium
1.239468,1964,Belgium
1.239468,1956,Belgium
1.239468,1957,Belgium
1.239468,1958,Belgium
1.239468,1959,Belgium
0.89982,1998,Belgium
0.938627,1999,Belgium
1.085401,2000,Belgium
1.11751,2001,Belgium
1.239468,1950,Belgium
1.239468,1951,Belgium
1.239468,1952,Belgium
1.239468,1953,Belgium
1.239468,1954,Belgium
1.239468,1955,Belgium
0.730791,1995,Belgium
0.767516,1996,Belgium
0.886812,1997,Belgium
1.216091,1971,Belgium
1.091093,1972,Belgium
0.966202,1973,Belgium
0.965582,1974,Belgium
1.062552,2002,Belgium
0.886034,2003,Belgium
0.805365,2004,Belgium
0.80412,2005,Belgium
0.797141,2006,Belgium
1.239468,1967,Belgium
1.239468,1968,Belgium
1.239468,1969,Belgium
1.239468,1970,Belgium
1.432426,1984,Belgium
1.471942,1985,Belgium
1.107388,1986,Belgium
0.925488,1987,Belgium
0.911463,1988,Belgium
0.9768,1989,Belgium
0.828409,1990,Belgium
0.846513,1991,Belgium
0.796965,1992,Belgium
0.857625,1993,Belgium
0.829365,1994,Belgium
0.682675,2008,Belgium
0.719843,2009,Belgium
0.755045,2010,Belgium
0.719355,2011,Belgium
0.778294,2012,Belgium
0.753159,2013,Belgium
0.753731,2014,Belgium
0.911726,1975,Belgium
0.956997,1976,Belgium
0.888519,1977,Belgium
0.780668,1978,Belgium
0.726791,1979,Belgium
0.730638,2007,Belgium
0.92041,1981,Belgium
1.13264,1982,Belgium
1.267521,1983,Belgium
0.724882,1980,Belgium
0.901659,2015,Belgium
0.001953,1992,Brazil
0.664684,1994,Brazil
0.000176,1991,Brazil
0.038277,1993,Brazil
NA,1951,Brazil
NA,1952,Brazil
0.917667,1995,Brazil
NA,1950,Brazil
1.077992,1997,Brazil
1.160517,1998,Brazil
1.813933,1999,Brazil
1.0051,1996,Brazil
NA,1987,Brazil
NA,1988,Brazil
1e-06,1989,Brazil
3e-05,1990,Brazil
2.925119,2004,Brazil
2.43439,2005,Brazil
2.175327,2006,Brazil
NA,1953,Brazil
NA,1954,Brazil
NA,1955,Brazil
NA,1956,Brazil
NA,1957,Brazil
NA,1958,Brazil
1.829423,2000,Brazil
2.349632,2001,Brazil
2.920363,2002,Brazil
3.077475,2003,Brazil
NA,1975,Brazil
NA,1976,Brazil
NA,1977,Brazil
NA,1978,Brazil
NA,1979,Brazil
NA,1980,Brazil
NA,1981,Brazil
NA,1982,Brazil
NA,1983,Brazil
NA,1984,Brazil
NA,1985,Brazil
NA,1986,Brazil
NA,1961,Brazil
NA,1962,Brazil
NA,1963,Brazil
NA,1964,Brazil
NA,1965,Brazil
1.947058,2007,Brazil
1.833767,2008,Brazil
1.999428,2009,Brazil
1.759227,2010,Brazil
1.672829,2011,Brazil
1.953069,2012,Brazil
NA,1959,Brazil
NA,1960,Brazil
3.329955,2015,Brazil
NA,1973,Brazil
NA,1974,Brazil
2.156089,2013,Brazil
NA,1966,Brazil
NA,1967,Brazil
NA,1968,Brazil
2.352952,2014,Brazil
NA,1971,Brazil
NA,1972,Brazil
NA,1969,Brazil
NA,1970,Brazil
1.000083,1973,Canada
0.986025,1976,Canada
1.06345,1977,Canada
0.978033,1974,Canada
1.017158,1975,Canada
1.169217,1980,Canada
1.198908,1981,Canada
1.140675,1978,Canada
1.044915,1970,Canada
1.009792,1971,Canada
0.989933,1972,Canada
1.485732,1999,Canada
1.48511,2000,Canada
1.548761,2001,Canada
1.569318,2002,Canada
1.401052,2003,Canada
1.301019,2004,Canada
1.171425,1979,Canada
1.134363,2006,Canada
1.074099,2007,Canada
1.06704,2008,Canada
1.143101,2009,Canada
1.030163,2010,Canada
0.989531,2011,Canada
0.999188,2012,Canada
1.029797,2013,Canada
1.106105,2014,Canada
1.279098,2015,Canada
1.183992,1989,Canada
1.166775,1990,Canada
1.211763,2005,Canada
1.208725,1992,Canada
1.290074,1993,Canada
1.365638,1994,Canada
1.233733,1982,Canada
1.232417,1983,Canada
1.295067,1984,Canada
1.365483,1985,Canada
1.3895,1986,Canada
1.325992,1987,Canada
1.230708,1988,Canada
1.013067,1961,Canada
1.068767,1962,Canada
1.078508,1963,Canada
1.078608,1964,Canada
1.077983,1965,Canada
1.077317,1966,Canada
1.372441,1995,Canada
1.363468,1996,Canada
1.384617,1997,Canada
1.483463,1998,Canada
0.970608,1958,Canada
0.959117,1959,Canada
0.969783,1960,Canada
1.089,1950,Canada
1.053,1951,Canada
1.078708,1967,Canada
1.145717,1991,Canada
1.076775,1969,Canada
0.986,1955,Canada
0.984,1956,Canada
1.077475,1968,Canada
0.983,1953,Canada
0.973,1954,Canada
0.95885,1957,Canada
0.979,1952,Canada
0.937684,2012,Switzerland
0.962381,2015,Switzerland
2.581283,1975,Switzerland
0.916151,2014,Switzerland
1.788025,1978,Switzerland
1.662725,1979,Switzerland
0.926904,2013,Switzerland
1.088142,2009,Switzerland
1.042906,2010,Switzerland
0.888042,2011,Switzerland
4.37295,1957,Switzerland
4.37295,1958,Switzerland
4.37295,1959,Switzerland
4.37295,1960,Switzerland
4.37295,1961,Switzerland
2.499642,1976,Switzerland
2.403525,1977,Switzerland
4.37295,1964,Switzerland
4.37295,1965,Switzerland
4.37295,1966,Switzerland
4.37295,1967,Switzerland
4.37295,1968,Switzerland
4.37295,1969,Switzerland
4.37295,1970,Switzerland
4.133854,1971,Switzerland
3.81925,1972,Switzerland
3.164833,1973,Switzerland
2.97925,1974,Switzerland
4.37295,1962,Switzerland
4.37295,1963,Switzerland
4.37295,1950,Switzerland
4.37295,1951,Switzerland
4.37295,1952,Switzerland
1.675708,1980,Switzerland
1.964242,1981,Switzerland
2.030275,1982,Switzerland
2.099142,1983,Switzerland
2.349683,1984,Switzerland
2.457125,1985,Switzerland
1.798917,1986,Switzerland
1.491192,1987,Switzerland
1.687615,2001,Switzerland
1.558607,2002,Switzerland
1.346651,2003,Switzerland
1.243496,2004,Switzerland
1.245177,2005,Switzerland
4.37295,1953,Switzerland
4.37295,1954,Switzerland
4.37295,1955,Switzerland
4.37295,1956,Switzerland
1.451313,1997,Switzerland
1.449813,1998,Switzerland
1.502155,1999,Switzerland
1.688843,2000,Switzerland
1.389158,1990,Switzerland
1.253843,2006,Switzerland
1.4633,1988,Switzerland
1.635925,1989,Switzerland
1.367693,1994,Switzerland
1.182469,1995,Switzerland
1.200366,2007,Switzerland
1.08309,2008,Switzerland
1.477617,1993,Switzerland
1.23601,1996,Switzerland
1.406218,1992,Switzerland
1.433992,1991,Switzerland
0.003851,1966,Chile
0.011278,1970,Chile
0.008618,1969,Chile
0.003157,1965,Chile
0.005068,1967,Chile
0.006876,1968,Chile
9.2e-05,1954,Chile
0.000162,1955,Chile
6.2e-05,1952,Chile
7.1e-05,1953,Chile
0.020835,1972,Chile
0.071642,1973,Chile
0.000336,1956,Chile
0.012209,1971,Chile
0.001622,1963,Chile
0.002307,1964,Chile
691.3975,2003,Chile
609.529167,2004,Chile
559.7675,2005,Chile
530.275,2006,Chile
522.464167,2007,Chile
522.461036,2008,Chile
0.000521,1957,Chile
0.000705,1958,Chile
0.000944,1959,Chile
0.001049,1960,Chile
0.00105,1961,Chile
0.001058,1962,Chile
688.936667,2002,Chile
13.054167,1976,Chile
21.535833,1977,Chile
31.655833,1978,Chile
37.245833,1979,Chile
39,1980,Chile
39,1981,Chile
560.859895,2009,Chile
510.249167,2010,Chile
483.6675,2011,Chile
486.471303,2012,Chile
495.272878,2013,Chile
0.592826,1974,Chile
4.910417,1975,Chile
4.8e-05,1950,Chile
5.6e-05,1951,Chile
349.215833,1991,Chile
362.575833,1992,Chile
404.165833,1993,Chile
420.176667,1994,Chile
396.773333,1995,Chile
412.266667,1996,Chile
419.295,1997,Chile
460.2875,1998,Chile
508.776667,1999,Chile
539.5875,2000,Chile
634.938333,2001,Chile
654.124084,2015,Chile
266.954167,1989,Chile
304.903333,1990,Chile
50.908333,1982,Chile
78.788333,1983,Chile
98.4775,1984,Chile
160.86,1985,Chile
192.93,1986,Chile
570.348216,2014,Chile
245.011667,1988,Chile
219.406667,1987,Chile
4.783208,1990,"China, People's Republic of"
3.7221,1987,"China, People's Republic of"
3.7221,1988,"China, People's Republic of"
2.936658,1985,"China, People's Republic of"
3.452792,1986,"China, People's Republic of"
8.278504,2000,"China, People's Republic of"
3.765108,1989,"China, People's Republic of"
8.276958,2002,"China, People's Republic of"
8.277037,2003,"China, People's Republic of"
5.323392,1991,"China, People's Republic of"
8.277068,2001,"China, People's Republic of"
5.761958,1993,"China, People's Republic of"
8.618743,1994,"China, People's Republic of"
8.351417,1995,"China, People's Republic of"
5.514592,1992,"China, People's Republic of"
2.320042,1984,"China, People's Republic of"
8.278958,1998,"China, People's Republic of"
8.27825,1999,"China, People's Republic of"
6.195758,2013,"China, People's Republic of"
6.143434,2014,"China, People's Republic of"
6.227489,2015,"China, People's Republic of"
1.8598,1975,"China, People's Republic of"
1.9414,1976,"China, People's Republic of"
1.857824,1977,"China, People's Republic of"
1.6836,1978,"China, People's Republic of"
1.555,1979,"China, People's Republic of"
1.4984,1980,"China, People's Republic of"
1.704533,1981,"China, People's Republic of"
1.892542,1982,"China, People's Republic of"
1.975675,1983,"China, People's Republic of"
2.461809,1957,"China, People's Republic of"
2.461809,1958,"China, People's Republic of"
2.461809,1959,"China, People's Republic of"
2.461809,1960,"China, People's Republic of"
2.461809,1961,"China, People's Republic of"
2.461809,1962,"China, People's Republic of"
8.276801,2004,"China, People's Republic of"
8.194317,2005,"China, People's Republic of"
7.973438,2006,"China, People's Republic of"
7.607532,2007,"China, People's Republic of"
6.948655,2008,"China, People's Republic of"
8.314175,1996,"China, People's Republic of"
8.289817,1997,"China, People's Republic of"
6.461461,2011,"China, People's Republic of"
6.312333,2012,"China, People's Republic of"
2.245067,1972,"China, People's Republic of"
1.989416,1973,"China, People's Republic of"
1.9612,1974,"China, People's Republic of"
2.461809,1964,"China, People's Republic of"
2.461809,1965,"China, People's Republic of"
6.831416,2009,"China, People's Republic of"
2.461809,1963,"China, People's Republic of"
2.461809,1968,"China, People's Republic of"
2.461809,1969,"China, People's Republic of"
2.461809,1970,"China, People's Republic of"
6.770269,2010,"China, People's Republic of"
2.461809,1967,"China, People's Republic of"
2.461809,1971,"China, People's Republic of"
2.461809,1966,"China, People's Republic of"
10.475,1965,Colombia
13.5,1966,Colombia
9,1964,Colombia
1.96,1950,Colombia
2.4,1951,Colombia
9,1963,Colombia
16.290667,1968,Colombia
17.320142,1969,Colombia
2.51,1952,Colombia
14.506392,1967,Colombia
6.4,1959,Colombia
6.635,1960,Colombia
6.7,1961,Colombia
6.901208,1962,Colombia
2087.903842,2000,Colombia
2299.633156,2001,Colombia
2504.241331,2002,Colombia
2877.652458,2003,Colombia
2.51,1953,Colombia
2.51,1954,Colombia
2.51,1955,Colombia
2.51,1956,Colombia
3.7975,1957,Colombia
6.4,1958,Colombia
1140.962942,1997,Colombia
1426.037458,1998,Colombia
1756.230848,1999,Colombia
23.636983,1973,Colombia
26.064125,1974,Colombia
30.928942,1975,Colombia
34.693925,1976,Colombia
2628.612903,2004,Colombia
2320.834177,2005,Colombia
2361.139407,2006,Colombia
2078.291837,2007,Colombia
1967.711309,2008,Colombia
2158.255903,2009,Colombia
18.4431,1970,Colombia
19.931933,1971,Colombia
21.865642,1972,Colombia
194.261417,1986,Colombia
242.6075,1987,Colombia
299.173833,1988,Colombia
382.568083,1989,Colombia
502.25925,1990,Colombia
633.045167,1991,Colombia
759.282,1992,Colombia
863.064683,1993,Colombia
844.83589,1994,Colombia
912.826415,1995,Colombia
1036.686417,1996,Colombia
1898.569636,2010,Colombia
1848.13947,2011,Colombia
1796.895912,2012,Colombia
1868.785327,2013,Colombia
2001.781048,2014,Colombia
2741.880855,2015,Colombia
47.280308,1980,Colombia
36.774867,1977,Colombia
39.094642,1978,Colombia
42.549775,1979,Colombia
100.817242,1984,Colombia
54.49055,1981,Colombia
64.084717,1982,Colombia
78.8543,1983,Colombia
142.311667,1985,Colombia
5.615,1950,Costa Rica
5.615,1951,Costa Rica
5.615,1952,Costa Rica
5.615,1953,Costa Rica
5.615,1954,Costa Rica
5.615,1955,Costa Rica
5.615,1956,Costa Rica
5.615,1957,Costa Rica
5.615,1958,Costa Rica
5.615,1959,Costa Rica
5.615,1960,Costa Rica
5.951667,1961,Costa Rica
6.625,1962,Costa Rica
6.625,1963,Costa Rica
6.625,1964,Costa Rica
6.625,1965,Costa Rica
6.625,1966,Costa Rica
6.625,1967,Costa Rica
6.625,1968,Costa Rica
6.625,1969,Costa Rica
6.625,1970,Costa Rica
6.625833,1971,Costa Rica
6.635,1972,Costa Rica
6.646758,1973,Costa Rica
7.929997,1974,Costa Rica
8.57,1975,Costa Rica
8.57,1976,Costa Rica
8.57,1977,Costa Rica
8.57,1978,Costa Rica
8.57,1979,Costa Rica
8.57,1980,Costa Rica
21.763333,1981,Costa Rica
37.406667,1982,Costa Rica
41.094167,1983,Costa Rica
44.532683,1984,Costa Rica
50.45335,1985,Costa Rica
55.985892,1986,Costa Rica
62.7762,1987,Costa Rica
75.804733,1988,Costa Rica
81.504208,1989,Costa Rica
91.579292,1990,Costa Rica
122.432417,1991,Costa Rica
134.506333,1992,Costa Rica
142.171667,1993,Costa Rica
157.066667,1994,Costa Rica
179.729167,1995,Costa Rica
207.689167,1996,Costa Rica
232.5975,1997,Costa Rica
257.229167,1998,Costa Rica
285.684695,1999,Costa Rica
308.186667,2000,Costa Rica
328.870833,2001,Costa Rica
359.817527,2002,Costa Rica
398.662222,2003,Costa Rica
437.935,2004,Costa Rica
477.786741,2005,Costa Rica
511.301818,2006,Costa Rica
516.61739,2007,Costa Rica
526.235513,2008,Costa Rica
573.287957,2009,Costa Rica
525.829201,2010,Costa Rica
505.66424,2011,Costa Rica
502.901462,2012,Costa Rica
499.766833,2013,Costa Rica
538.3172,2014,Costa Rica
534.56577,2015,Costa Rica
28.37,1992,Czech Republic
21.145,1990,Czech Republic
27.92,1991,Czech Republic
38.035328,2001,Czech Republic
34.56925,1999,Czech Republic
38.598417,2000,Czech Republic
26.540667,1995,Czech Republic
32.738518,2002,Czech Republic
29.152833,1993,Czech Republic
28.785083,1994,Czech Republic
27.144917,1996,Czech Republic
31.698417,1997,Czech Republic
32.281167,1998,Czech Republic
19.5775,2012,Czech Republic
19.570583,2013,Czech Republic
20.7575,2014,Czech Republic
24.59875,2015,Czech Republic
22.595583,2006,Czech Republic
28.209,2003,Czech Republic
25.69975,2004,Czech Republic
23.957417,2005,Czech Republic
19.09825,2010,Czech Republic
20.293667,2007,Czech Republic
17.071667,2008,Czech Republic
19.063,2009,Czech Republic
17.695917,2011,Czech Republic
2.045168,1967,Germany
1.871328,1970,Germany
1.793302,1971,Germany
2.045168,1965,Germany
2.045168,1966,Germany
2.045168,1968,Germany
2.016194,1969,Germany
2.147426,1955,Germany
2.147426,1956,Germany
2.147426,1953,Germany
2.147426,1954,Germany
1.366479,1973,Germany
1.323096,1974,Germany
2.147426,1957,Germany
1.630327,1972,Germany
2.045168,1964,Germany
0.886034,2003,Germany
0.805365,2004,Germany
0.80412,2005,Germany
0.797141,2006,Germany
0.730638,2007,Germany
0.682675,2008,Germany
0.719843,2009,Germany
2.147426,1958,Germany
2.147426,1959,Germany
2.147426,1960,Germany
2.062211,1961,Germany
2.045168,1962,Germany
2.045168,1963,Germany
1.287433,1976,Germany
1.187313,1977,Germany
1.026994,1978,Germany
0.937138,1979,Germany
0.929358,1980,Germany
1.15552,1981,Germany
1.240697,1982,Germany
0.755045,2010,Germany
0.719355,2011,Germany
0.778294,2012,Germany
0.753159,2013,Germany
0.753731,2014,Germany
1.257927,1975,Germany
2.144861,1950,Germany
2.144861,1951,Germany
2.144861,1952,Germany
0.798459,1992,Germany
0.84533,1993,Germany
0.829721,1994,Germany
0.732749,1995,Germany
0.769379,1996,Germany
0.886609,1997,Germany
0.899704,1998,Germany
0.938627,1999,Germany
1.085401,2000,Germany
1.11751,2001,Germany
1.062552,2002,Germany
0.96125,1989,Germany
0.826111,1990,Germany
0.84851,1991,Germany
1.30546,1983,Germany
1.455107,1984,Germany
1.505226,1985,Germany
1.110262,1986,Germany
0.918992,1987,Germany
0.901659,2015,Germany
0.897944,1988,Germany
5.946778,2006,Denmark
6.587673,2003,Denmark
5.991057,2004,Denmark
5.99691,2005,Denmark
6.90714,1950,Denmark
5.443701,2007,Denmark
5.098131,2008,Denmark
5.360867,2009,Denmark
5.624075,2010,Denmark
5.368712,2011,Denmark
6.97624,1999,Denmark
8.083144,2000,Denmark
8.322817,2001,Denmark
7.894714,2002,Denmark
6.90714,1960,Denmark
6.90714,1961,Denmark
6.90714,1962,Denmark
6.90714,1963,Denmark
6.90714,1951,Denmark
6.90714,1952,Denmark
6.90714,1953,Denmark
6.90714,1954,Denmark
6.90714,1955,Denmark
6.90714,1956,Denmark
6.90714,1957,Denmark
6.90714,1958,Denmark
6.90714,1959,Denmark
6.727907,2015,Denmark
6.0949,1974,Denmark
5.74615,1975,Denmark
6.045025,1976,Denmark
6.90714,1964,Denmark
6.90714,1965,Denmark
6.90714,1966,Denmark
6.956542,1967,Denmark
7.5,1968,Denmark
7.5,1969,Denmark
5.792476,2012,Denmark
5.616312,2013,Denmark
5.612467,2014,Denmark
6.840317,1987,Denmark
6.731525,1988,Denmark
7.310175,1989,Denmark
6.188558,1990,Denmark
6.396458,1991,Denmark
6.036133,1992,Denmark
6.483939,1993,Denmark
6.360552,1994,Denmark
5.602367,1995,Denmark
5.798672,1996,Denmark
6.604459,1997,Denmark
6.700827,1998,Denmark
7.426338,1971,Denmark
6.949292,1972,Denmark
6.0495,1973,Denmark
8.090992,1986,Denmark
5.514625,1978,Denmark
5.260958,1979,Denmark
5.635942,1980,Denmark
6.003192,1977,Denmark
7.5,1970,Denmark
9.144992,1983,Denmark
10.356592,1984,Denmark
7.123367,1981,Denmark
8.332442,1982,Denmark
10.596392,1985,Denmark
0.966193,1984,Spain
0.862031,1983,Spain
0.239203,1950,Spain
0.660267,1982,Spain
0.460783,1978,Spain
0.403429,1979,Spain
0.430937,1980,Spain
0.554865,1981,Spain
0.234094,1955,Spain
0.234094,1956,Spain
0.248228,1957,Spain
1.021986,1985,Spain
0.841708,1986,Spain
0.74212,1987,Spain
0.7001,1988,Spain
0.711464,1989,Spain
0.612635,1990,Spain
0.238301,1951,Spain
0.238301,1952,Spain
0.238301,1953,Spain
0.234094,1954,Spain
0.420708,1968,Spain
0.420708,1969,Spain
0.420708,1970,Spain
0.417515,1971,Spain
0.386279,1972,Spain
0.35015,1973,Spain
0.346703,1974,Spain
0.345023,1975,Spain
0.402095,1976,Spain
0.45654,1977,Spain
0.624521,1991,Spain
0.615311,1992,Spain
0.764851,1993,Spain
0.805104,1994,Spain
0.749396,1995,Spain
0.761251,1996,Spain
0.879964,1997,Spain
0.25242,1958,Spain
0.306514,1959,Spain
0.360607,1960,Spain
0.360607,1961,Spain
0.360607,1962,Spain
0.360607,1963,Spain
0.360607,1964,Spain
0.360607,1965,Spain
0.360607,1966,Spain
0.370624,1967,Spain
0.730638,2007,Spain
0.682675,2008,Spain
0.719843,2009,Spain
0.755045,2010,Spain
0.719355,2011,Spain
0.778294,2012,Spain
0.753159,2013,Spain
0.753731,2014,Spain
0.901659,2015,Spain
1.11751,2001,Spain
1.062552,2002,Spain
0.886034,2003,Spain
0.805365,2004,Spain
0.80412,2005,Spain
0.797141,2006,Spain
0.897884,1998,Spain
0.938627,1999,Spain
1.085401,2000,Spain
0.845088,1993,Estonia
0.805003,2004,Estonia
0.804251,2005,Estonia
0.79669,2006,Estonia
0.730756,2007,Estonia
0.683499,2008,Estonia
0.719481,2009,Estonia
0.754595,2010,Estonia
0.719355,2011,Estonia
0.778294,2012,Estonia
0.753159,2013,Estonia
0.901659,2015,Estonia
0.938069,1999,Estonia
1.084494,2000,Estonia
1.117052,2001,Estonia
1.061687,2002,Estonia
0.885586,2003,Estonia
0.732731,1995,Estonia
0.769368,1996,Estonia
0.887206,1997,Estonia
0.830292,1994,Estonia
0.899535,1998,Estonia
0.753731,2014,Estonia
0.692486,1978,Finland
0.627355,1980,Finland
0.677699,1977,Finland
0.655148,1979,Finland
0.386832,1952,Finland
0.386832,1953,Finland
0.725773,1981,Finland
0.386832,1951,Finland
0.936821,1983,Finland
1.010809,1984,Finland
1.042411,1985,Finland
0.810736,1982,Finland
0.634699,1974,Finland
0.618707,1975,Finland
0.649948,1976,Finland
0.388514,1950,Finland
0.538201,1964,Finland
0.538201,1965,Finland
0.538201,1966,Finland
0.580247,1967,Finland
0.706384,1968,Finland
0.706384,1969,Finland
0.706384,1970,Finland
0.703769,1971,Finland
0.697363,1972,Finland
0.642674,1973,Finland
0.753159,2013,Finland
0.753731,2014,Finland
0.901659,2015,Finland
0.721731,1989,Finland
0.643067,1990,Finland
0.680148,1991,Finland
0.753388,1992,Finland
0.386832,1954,Finland
0.386832,1955,Finland
0.386832,1956,Finland
0.424675,1957,Finland
0.538201,1958,Finland
0.538201,1959,Finland
0.852632,1986,Finland
0.739281,1987,Finland
0.703502,1988,Finland
0.538201,1963,Finland
0.886034,2003,Finland
0.805365,2004,Finland
0.80412,2005,Finland
0.797141,2006,Finland
0.730638,2007,Finland
0.682675,2008,Finland
0.719843,2009,Finland
0.755045,2010,Finland
0.719355,2011,Finland
0.538201,1960,Finland
0.538201,1961,Finland
0.538201,1962,Finland
1.11751,2001,Finland
1.062552,2002,Finland
0.878532,1994,Finland
0.734421,1995,Finland
0.77258,1996,Finland
0.960738,1993,Finland
0.778294,2012,Finland
0.938627,1999,Finland
1.085401,2000,Finland
0.873137,1997,Finland
0.898807,1998,Finland
0.863354,1993,France
0.760947,1995,France
0.860135,1991,France
0.807037,1992,France
0.846404,1994,France
0.533526,1952,France
0.533511,1953,France
0.779856,1996,France
0.533511,1951,France
0.899375,1998,France
0.938627,1999,France
1.085401,2000,France
0.889798,1997,France
0.90813,1988,France
0.972646,1989,France
0.830127,1990,France
0.533084,1950,France
0.80412,2005,France
0.797141,2006,France
0.730638,2007,France
0.533526,1954,France
0.533526,1955,France
0.533251,1956,France
0.551318,1957,France
0.639893,1958,France
0.75265,1959,France
1.11751,2001,France
1.062552,2002,France
0.886034,2003,France
0.805365,2004,France
0.732194,1976,France
0.747789,1977,France
0.688018,1978,France
0.648582,1979,France
0.644185,1980,France
0.828501,1981,France
1.00191,1982,France
1.161858,1983,France
1.332267,1984,France
1.369789,1985,France
1.055876,1986,France
0.916327,1987,France
0.75265,1962,France
0.75265,1963,France
0.75265,1964,France
0.75265,1965,France
0.75265,1966,France
0.682675,2008,France
0.719843,2009,France
0.755045,2010,France
0.719355,2011,France
0.778294,2012,France
0.753159,2013,France
0.75265,1960,France
0.75265,1961,France
0.678822,1973,France
0.733222,1974,France
0.653671,1975,France
0.753731,2014,France
0.75265,1967,France
0.75265,1968,France
0.79185,1969,France
0.901659,2015,France
0.769036,1972,France
0.846731,1970,France
0.844659,1971,France
0.667223,2002,United Kingdom
0.612472,2003,United Kingdom
0.54618,2004,United Kingdom
0.549998,2005,United Kingdom
0.543487,2006,United Kingdom
0.499772,2007,United Kingdom
0.543966,2008,United Kingdom
0.641919,2009,United Kingdom
0.647179,2010,United Kingdom
0.603824,1998,United Kingdom
0.618057,1999,United Kingdom
0.660931,2000,United Kingdom
0.694655,2001,United Kingdom
0.357143,1959,United Kingdom
0.357143,1960,United Kingdom
0.357143,1961,United Kingdom
0.357143,1962,United Kingdom
0.357143,1950,United Kingdom
0.357143,1951,United Kingdom
0.357143,1952,United Kingdom
0.357143,1953,United Kingdom
0.357143,1954,United Kingdom
0.357143,1955,United Kingdom
0.357143,1956,United Kingdom
0.357143,1957,United Kingdom
0.357143,1958,United Kingdom
0.60773,2014,United Kingdom
0.654545,2015,United Kingdom
0.427756,1974,United Kingdom
0.452041,1975,United Kingdom
0.357143,1963,United Kingdom
0.357143,1964,United Kingdom
0.357143,1965,United Kingdom
0.357143,1966,United Kingdom
0.362103,1967,United Kingdom
0.416667,1968,United Kingdom
0.624141,2011,United Kingdom
0.633047,2012,United Kingdom
0.639661,2013,United Kingdom
0.682197,1986,United Kingdom
0.611927,1987,United Kingdom
0.56217,1988,United Kingdom
0.611173,1989,United Kingdom
0.563177,1990,United Kingdom
0.567015,1991,United Kingdom
0.569774,1992,United Kingdom
0.666757,1993,United Kingdom
0.653427,1994,United Kingdom
0.633668,1995,United Kingdom
0.640958,1996,United Kingdom
0.610836,1997,United Kingdom
0.416667,1970,United Kingdom
0.41092,1971,United Kingdom
0.40039,1972,United Kingdom
0.408171,1973,United Kingdom
0.573272,1977,United Kingdom
0.521505,1978,United Kingdom
0.472181,1979,United Kingdom
0.55651,1976,United Kingdom
0.416667,1969,United Kingdom
0.572447,1982,United Kingdom
0.659725,1983,United Kingdom
0.430295,1980,United Kingdom
0.779246,1985,United Kingdom
0.497641,1981,United Kingdom
0.751807,1984,United Kingdom
0.33079,1984,Greece
0.162607,1981,Greece
0.196047,1982,Greece
0.258442,1983,Greece
0.108697,1979,Greece
0.125067,1980,Greece
0.711967,1994,Greece
0.107837,1978,Greece
0.706417,1996,Greece
0.801344,1997,Greece
0.405338,1985,Greece
0.679861,1995,Greece
0.397445,1987,Greece
0.416318,1988,Greece
0.476644,1989,Greece
0.410803,1986,Greece
0.534898,1991,Greece
0.559426,1992,Greece
0.67278,1993,Greece
0.730638,2007,Greece
0.682675,2008,Greece
0.719843,2009,Greece
0.755045,2010,Greece
0.719355,2011,Greece
0.778294,2012,Greece
0.753159,2013,Greece
0.753731,2014,Greece
0.901659,2015,Greece
0.094061,1975,Greece
0.107168,1976,Greece
0.10811,1977,Greece
0.04402,1951,Greece
0.04402,1952,Greece
0.0773,1953,Greece
0.088042,1954,Greece
0.088042,1955,Greece
0.088042,1956,Greece
0.86729,1998,Greece
0.896982,1999,Greece
1.072336,2000,Greece
1.11751,2001,Greece
1.062552,2002,Greece
0.465191,1990,Greece
0.04402,1950,Greece
0.80412,2005,Greece
0.797141,2006,Greece
0.088041,1966,Greece
0.088041,1967,Greece
0.088041,1968,Greece
0.088041,1969,Greece
0.088041,1970,Greece
0.088041,1971,Greece
0.088042,1972,Greece
0.086941,1973,Greece
0.088042,1974,Greece
0.886034,2003,Greece
0.805365,2004,Greece
0.088041,1962,Greece
0.088041,1963,Greece
0.088041,1964,Greece
0.088041,1965,Greece
0.088042,1957,Greece
0.088042,1958,Greece
0.088042,1959,Greece
0.088042,1960,Greece
0.088041,1961,Greece
41.575267,1976,Hungary
40.96075,1977,Hungary
37.91135,1978,Hungary
43.971383,1975,Hungary
59.821617,1971,Hungary
55.26,1972,Hungary
48.966225,1973,Hungary
46.7524,1974,Hungary
225.104167,2012,Hungary
223.695,2013,Hungary
232.601667,2014,Hungary
279.3325,2015,Hungary
35.578,1979,Hungary
32.532283,1980,Hungary
34.314292,1981,Hungary
60,1968,Hungary
60,1969,Hungary
60,1970,Hungary
202.341667,2009,Hungary
207.944167,2010,Hungary
201.055,2011,Hungary
50.1194,1985,Hungary
45.83215,1986,Hungary
46.970542,1987,Hungary
50.413208,1988,Hungary
257.886667,2002,Hungary
224.306667,2003,Hungary
202.745833,2004,Hungary
199.5825,2005,Hungary
210.39,2006,Hungary
183.625833,2007,Hungary
36.63055,1982,Hungary
42.67115,1983,Hungary
48.042208,1984,Hungary
214.401667,1998,Hungary
237.145833,1999,Hungary
282.179167,2000,Hungary
286.49,2001,Hungary
78.988392,1992,Hungary
59.066342,1989,Hungary
63.205867,1990,Hungary
74.735383,1991,Hungary
152.646667,1996,Hungary
91.933183,1993,Hungary
172.113333,2008,Hungary
125.681425,1995,Hungary
186.789167,1997,Hungary
105.160458,1994,Hungary
1643.848333,1987,Indonesia
1685.704167,1988,Indonesia
1110.58,1985,Indonesia
1282.56,1986,Indonesia
661.42075,1982,Indonesia
909.264833,1983,Indonesia
1025.944833,1984,Indonesia
391.875,1971,Indonesia
415,1972,Indonesia
415,1973,Indonesia
415,1974,Indonesia
1770.059167,1989,Indonesia
1842.813333,1990,Indonesia
1950.3175,1991,Indonesia
2029.920833,1992,Indonesia
2087.103867,1993,Indonesia
631.756667,1981,Indonesia
2160.753675,1994,Indonesia
2248.607975,1995,Indonesia
2342.296292,1996,Indonesia
2909.38,1997,Indonesia
10013.6225,1998,Indonesia
7855.15,1999,Indonesia
8421.775,2000,Indonesia
415,1975,Indonesia
415,1976,Indonesia
415,1977,Indonesia
442.045417,1978,Indonesia
623.0555,1979,Indonesia
626.994,1980,Indonesia
149.583333,1967,Indonesia
296.291667,1968,Indonesia
326,1969,Indonesia
362.833333,1970,Indonesia
9090.433333,2010,Indonesia
8770.433333,2011,Indonesia
9386.629167,2012,Indonesia
10461.24,2013,Indonesia
11865.211296,2014,Indonesia
13389.412937,2015,Indonesia
10260.85,2001,Indonesia
9311.191667,2002,Indonesia
8577.133333,2003,Indonesia
8938.85,2004,Indonesia
9704.741667,2005,Indonesia
9159.316667,2006,Indonesia
9141,2007,Indonesia
9698.9625,2008,Indonesia
10389.9375,2009,Indonesia
4.7619,1957,India
4.7619,1958,India
4.7619,1956,India
4.7619,1952,India
4.7619,1953,India
4.7619,1954,India
4.7619,1951,India
32.427077,1995,India
35.433173,1996,India
36.313286,1997,India
4.7619,1955,India
4.7619,1960,India
4.7619,1961,India
4.7619,1962,India
4.7619,1959,India
4.7619,1950,India
22.742433,1991,India
25.918083,1992,India
30.493292,1993,India
31.373742,1994,India
7.5,1968,India
7.5,1969,India
7.5,1970,India
41.259365,1998,India
43.055428,1999,India
44.941605,2000,India
47.186414,2001,India
48.610319,2002,India
4.7619,1963,India
4.7619,1964,India
4.7619,1965,India
6.359125,1966,India
7.5,1967,India
8.658523,1981,India
9.455132,1982,India
10.098898,1983,India
11.362583,1984,India
12.36875,1985,India
12.610833,1986,India
12.9615,1987,India
13.917083,1988,India
16.2255,1989,India
17.5035,1990,India
46.583284,2003,India
45.316467,2004,India
44.099975,2005,India
45.307008,2006,India
41.348533,2007,India
43.505183,2008,India
48.405267,2009,India
7.491935,1971,India
7.594468,1972,India
7.742039,1973,India
8.101603,1974,India
8.375892,1975,India
8.960413,1976,India
8.738576,1977,India
8.19284,1978,India
8.125791,1979,India
7.862945,1980,India
45.725812,2010,India
46.670467,2011,India
53.437233,2012,India
58.597845,2013,India
61.029514,2014,India
64.151944,2015,India
0.453478,1966,Ireland
0.459776,1967,Ireland
0.453478,1965,Ireland
0.453478,1951,Ireland
0.453478,1952,Ireland
0.453478,1953,Ireland
0.453478,1964,Ireland
0.529058,1969,Ireland
0.529058,1970,Ireland
0.521761,1971,Ireland
0.529058,1968,Ireland
0.453478,1960,Ireland
0.453478,1961,Ireland
0.453478,1962,Ireland
0.453478,1963,Ireland
0.453478,1950,Ireland
0.886034,2003,Ireland
0.805365,2004,Ireland
0.80412,2005,Ireland
0.453478,1954,Ireland
0.453478,1955,Ireland
0.453478,1956,Ireland
0.453478,1957,Ireland
0.453478,1958,Ireland
0.453478,1959,Ireland
0.938627,1999,Ireland
1.085401,2000,Ireland
1.11751,2001,Ireland
1.062552,2002,Ireland
0.706622,1976,Ireland
0.727905,1977,Ireland
0.662174,1978,Ireland
0.797141,2006,Ireland
0.730638,2007,Ireland
0.682675,2008,Ireland
0.719843,2009,Ireland
0.755045,2010,Ireland
0.719355,2011,Ireland
0.508391,1972,Ireland
0.51827,1973,Ireland
0.543139,1974,Ireland
0.573974,1975,Ireland
0.895855,1989,Ireland
0.767669,1990,Ireland
0.788885,1991,Ireland
0.746252,1992,Ireland
0.859929,1993,Ireland
0.848983,1994,Ireland
0.791978,1995,Ireland
0.793622,1996,Ireland
0.837574,1997,Ireland
0.8917,1998,Ireland
0.778294,2012,Ireland
0.753159,2013,Ireland
0.753731,2014,Ireland
0.901659,2015,Ireland
0.617912,1980,Ireland
0.788886,1981,Ireland
0.894609,1982,Ireland
0.620388,1979,Ireland
1.171401,1984,Ireland
1.200683,1985,Ireland
0.943578,1986,Ireland
1.02173,1983,Ireland
0.833542,1988,Ireland
0.854428,1987,Ireland
57.545933,1992,Iceland
43.013983,1988,Iceland
58.283775,1990,Iceland
58.996342,1991,Iceland
67.603182,1993,Iceland
57.041792,1989,Iceland
64.691667,1995,Iceland
66.5,1996,Iceland
70.904291,1997,Iceland
69.944378,1994,Iceland
41.507667,1985,Iceland
41.104158,1986,Iceland
38.677183,1987,Iceland
97.424603,2001,Iceland
91.661667,2002,Iceland
76.708983,2003,Iceland
70.191667,2004,Iceland
0.1629,1950,Iceland
0.1629,1951,Iceland
0.1629,1952,Iceland
0.1629,1953,Iceland
0.1629,1954,Iceland
0.1629,1955,Iceland
70.958333,1998,Iceland
72.335293,1999,Iceland
78.615947,2000,Iceland
116.767353,2014,Iceland
131.918708,2015,Iceland
1.53695,1975,Iceland
1.821717,1976,Iceland
1.9887,1977,Iceland
2.711108,1978,Iceland
3.526,1979,Iceland
4.797642,1980,Iceland
7.224183,1981,Iceland
12.351533,1982,Iceland
24.842767,1983,Iceland
31.693742,1984,Iceland
0.162857,1957,Iceland
0.162857,1958,Iceland
0.162857,1959,Iceland
0.361905,1960,Iceland
0.400833,1961,Iceland
0.43,1962,Iceland
62.981667,2005,Iceland
70.18,2006,Iceland
64.055,2007,Iceland
87.947917,2008,Iceland
123.638381,2009,Iceland
122.241811,2010,Iceland
0.1629,1956,Iceland
125.082787,2012,Iceland
122.179121,2013,Iceland
0.904449,1973,Iceland
0.999517,1974,Iceland
0.882604,1972,Iceland
0.43,1964,Iceland
0.43,1965,Iceland
0.43,1966,Iceland
0.43,1963,Iceland
0.621667,1968,Iceland
0.88,1969,Iceland
0.88,1970,Iceland
115.95404,2011,Iceland
0.441667,1967,Iceland
0.88,1971,Iceland
0.00029,1962,Israel
3e-04,1963,Israel
3e-04,1964,Israel
3e-04,1965,Israel
3e-04,1966,Israel
0.000308,1967,Israel
0.00035,1968,Israel
0.00018,1956,Israel
0.00018,1957,Israel
0.00018,1958,Israel
0.00018,1959,Israel
0.00018,1960,Israel
0.00018,1961,Israel
4.20565,2001,Israel
4.737825,2002,Israel
4.554133,2003,Israel
4.481983,2004,Israel
2.459083,1992,Israel
2.830083,1993,Israel
3.011055,1994,Israel
3.011292,1995,Israel
3.19165,1996,Israel
3.44935,1997,Israel
3.800075,1998,Israel
4.139717,1999,Israel
4.077333,2000,Israel
0.000445,1974,Israel
0.000634,1975,Israel
0.000793,1976,Israel
0.001045,1977,Israel
4.4877,2005,Israel
4.455808,2006,Israel
4.108083,2007,Israel
3.588021,2008,Israel
0.00035,1969,Israel
0.00035,1970,Israel
0.00042,1971,Israel
0.000418,1972,Israel
0.000419,1973,Israel
1.594642,1987,Israel
1.598933,1988,Israel
1.916417,1989,Israel
2.016175,1990,Israel
2.279108,1991,Israel
3.6e-05,1950,Israel
3.6e-05,1951,Israel
3.6e-05,1952,Israel
1e-04,1953,Israel
0.00018,1954,Israel
0.00018,1955,Israel
3.738975,2010,Israel
3.578129,2011,Israel
3.855922,2012,Israel
3.610758,2013,Israel
3.577925,2014,Israel
3.886833,2015,Israel
0.011431,1981,Israel
0.001744,1978,Israel
0.002541,1979,Israel
0.005124,1980,Israel
1.178849,1985,Israel
0.024267,1982,Israel
3.932335,2009,Israel
0.29321,1984,Israel
1.487842,1986,Israel
0.056214,1983,Israel
0.429104,1979,Italy
0.442318,1980,Italy
0.438298,1978,Italy
0.640723,1991,Italy
0.636484,1992,Italy
0.812731,1993,Italy
0.58709,1981,Italy
0.698513,1982,Italy
0.78442,1983,Italy
0.907395,1984,Italy
0.986143,1985,Italy
0.769939,1986,Italy
0.335874,1974,Italy
0.337168,1975,Italy
0.429865,1976,Italy
0.455716,1977,Italy
0.805365,2004,Italy
0.80412,2005,Italy
0.797141,2006,Italy
0.730638,2007,Italy
0.682675,2008,Italy
0.719843,2009,Italy
0.755045,2010,Italy
0.719355,2011,Italy
0.778294,2012,Italy
0.753159,2013,Italy
0.753731,2014,Italy
0.901659,2015,Italy
0.708627,1989,Italy
0.618768,1990,Italy
0.322584,1950,Italy
0.322786,1951,Italy
0.322786,1952,Italy
0.832758,1994,Italy
0.841274,1995,Italy
0.796866,1996,Italy
0.879576,1997,Italy
0.896676,1998,Italy
0.938627,1999,Italy
0.669364,1987,Italy
0.672235,1988,Italy
1.062552,2002,Italy
0.886034,2003,Italy
0.322786,1962,Italy
0.322786,1963,Italy
0.322786,1964,Italy
0.322786,1965,Italy
0.322786,1966,Italy
0.322786,1967,Italy
0.322786,1968,Italy
0.322786,1969,Italy
0.322786,1970,Italy
1.085401,2000,Italy
1.11751,2001,Italy
0.301092,1973,Italy
0.320764,1959,Italy
0.322263,1960,Italy
0.322786,1961,Italy
0.322786,1953,Italy
0.322786,1954,Italy
0.322786,1955,Italy
0.320389,1971,Italy
0.301207,1972,Italy
0.322651,1958,Italy
0.322786,1956,Italy
0.322786,1957,Italy
360,1956,Japan
360,1957,Japan
361.1,1951,Japan
361.1,1952,Japan
360,1954,Japan
360,1955,Japan
111.197786,1993,Japan
102.207806,1994,Japan
360,1953,Japan
126.651333,1992,Japan
360,1959,Japan
360,1960,Japan
94.059579,1995,Japan
360,1958,Japan
361.1,1950,Japan
137.964417,1989,Japan
144.7925,1990,Japan
134.706667,1991,Japan
360,1965,Japan
360,1966,Japan
360,1967,Japan
360,1968,Japan
108.779057,1996,Japan
120.990863,1997,Japan
130.905301,1998,Japan
113.906805,1999,Japan
107.765498,2000,Japan
360,1961,Japan
360,1962,Japan
360,1963,Japan
360,1964,Japan
210.441667,1978,Japan
219.14,1979,Japan
226.740833,1980,Japan
220.535833,1981,Japan
249.076667,1982,Japan
237.511667,1983,Japan
237.5225,1984,Japan
238.535833,1985,Japan
168.519833,1986,Japan
144.6375,1987,Japan
128.151667,1988,Japan
125.388019,2002,Japan
115.933464,2003,Japan
108.192569,2004,Japan
110.218212,2005,Japan
116.299312,2006,Japan
117.753529,2007,Japan
103.359494,2008,Japan
360,1969,Japan
360,1970,Japan
350.677694,1971,Japan
303.1725,1972,Japan
271.701667,1973,Japan
121.528948,2001,Japan
296.7875,1975,Japan
296.5525,1976,Japan
268.51,1977,Japan
79.80702,2011,Japan
292.0825,1974,Japan
93.570089,2009,Japan
87.779875,2010,Japan
121.044026,2015,Japan
97.595658,2013,Japan
105.944781,2014,Japan
79.790455,2012,Japan
276.645,1968,"Korea, South"
270.516667,1967,"Korea, South"
392.894167,1972,"Korea, South"
310.555833,1970,"Korea, South"
347.1475,1971,"Korea, South"
802.670833,1993,"Korea, South"
288.160833,1969,"Korea, South"
771.273333,1995,"Korea, South"
804.453333,1996,"Korea, South"
951.289167,1997,"Korea, South"
803.445833,1994,"Korea, South"
398.321667,1973,"Korea, South"
404.4725,1974,"Korea, South"
484,1975,"Korea, South"
1401.436667,1998,"Korea, South"
213.846667,1964,"Korea, South"
266.400833,1965,"Korea, South"
271.3375,1966,"Korea, South"
954.790516,2006,"Korea, South"
929.257262,2007,"Korea, South"
1102.046667,2008,"Korea, South"
1276.93,2009,"Korea, South"
1156.060988,2010,"Korea, South"
1108.292125,2011,"Korea, South"
1188.816667,1999,"Korea, South"
1130.9575,2000,"Korea, South"
1290.994583,2001,"Korea, South"
1251.088333,2002,"Korea, South"
1191.614167,2003,"Korea, South"
1145.319167,2004,"Korea, South"
1024.116667,2005,"Korea, South"
484,1979,"Korea, South"
607.4325,1980,"Korea, South"
681.028333,1981,"Korea, South"
731.084167,1982,"Korea, South"
775.748333,1983,"Korea, South"
805.975833,1984,"Korea, South"
1126.470826,2012,"Korea, South"
1094.852917,2013,"Korea, South"
1052.960833,2014,"Korea, South"
1131.1575,2015,"Korea, South"
484,1976,"Korea, South"
484,1977,"Korea, South"
484,1978,"Korea, South"
780.650833,1992,"Korea, South"
6,1952,"Korea, South"
18,1953,"Korea, South"
18,1954,"Korea, South"
50,1955,"Korea, South"
50,1956,"Korea, South"
50,1957,"Korea, South"
50,1958,"Korea, South"
50,1959,"Korea, South"
63.125,1960,"Korea, South"
124.791667,1961,"Korea, South"
130,1962,"Korea, South"
130,1963,"Korea, South"
733.353333,1991,"Korea, South"
2.5,1950,"Korea, South"
6,1951,"Korea, South"
870.02,1985,"Korea, South"
881.454167,1986,"Korea, South"
822.5675,1987,"Korea, South"
731.468333,1988,"Korea, South"
671.455833,1989,"Korea, South"
707.764167,1990,"Korea, South"
1.15848,1995,Lithuania
1.15848,1997,Lithuania
1.15848,1998,Lithuania
1.15848,1999,Lithuania
1.15848,1996,Lithuania
0.513424,1992,Lithuania
1.258128,1993,Lithuania
1.152036,1994,Lithuania
0.730921,2007,Lithuania
0.682656,2008,Lithuania
0.719426,2009,Lithuania
0.754846,2010,Lithuania
0.718576,2011,Lithuania
0.778004,2012,Lithuania
1.15848,2000,Lithuania
1.15848,2001,Lithuania
1.064921,2002,Lithuania
0.886488,2003,Lithuania
0.805315,2004,Lithuania
0.803413,2005,Lithuania
0.797099,2006,Lithuania
0.901659,2015,Lithuania
0.753304,2013,Lithuania
0.753097,2014,Lithuania
1.13264,1982,Luxembourg
1.267521,1983,Luxembourg
0.724882,1980,Luxembourg
0.92041,1981,Luxembourg
0.888519,1977,Luxembourg
0.780668,1978,Luxembourg
0.726791,1979,Luxembourg
1.239468,1953,Luxembourg
1.239468,1954,Luxembourg
1.239468,1955,Luxembourg
1.239468,1956,Luxembourg
1.432426,1984,Luxembourg
1.471942,1985,Luxembourg
1.107388,1986,Luxembourg
0.925488,1987,Luxembourg
0.911463,1988,Luxembourg
0.9768,1989,Luxembourg
1.239468,1950,Luxembourg
1.239468,1951,Luxembourg
1.239468,1952,Luxembourg
1.239468,1966,Luxembourg
1.239468,1967,Luxembourg
1.239468,1968,Luxembourg
1.239468,1969,Luxembourg
1.239468,1970,Luxembourg
1.211451,1971,Luxembourg
1.091093,1972,Luxembourg
0.966202,1973,Luxembourg
0.965582,1974,Luxembourg
0.911726,1975,Luxembourg
0.956997,1976,Luxembourg
0.828409,1990,Luxembourg
0.846513,1991,Luxembourg
0.796965,1992,Luxembourg
0.857625,1993,Luxembourg
0.829365,1994,Luxembourg
0.730791,1995,Luxembourg
0.767516,1996,Luxembourg
1.239468,1957,Luxembourg
1.239468,1958,Luxembourg
1.239468,1959,Luxembourg
1.239468,1960,Luxembourg
1.239468,1961,Luxembourg
1.239468,1962,Luxembourg
1.239468,1963,Luxembourg
1.239468,1964,Luxembourg
1.239468,1965,Luxembourg
0.730638,2007,Luxembourg
0.682675,2008,Luxembourg
0.719843,2009,Luxembourg
0.755045,2010,Luxembourg
0.719355,2011,Luxembourg
0.778294,2012,Luxembourg
0.753159,2013,Luxembourg
0.753731,2014,Luxembourg
0.901659,2015,Luxembourg
1.085401,2000,Luxembourg
1.11751,2001,Luxembourg
1.062552,2002,Luxembourg
0.886034,2003,Luxembourg
0.805365,2004,Luxembourg
0.80412,2005,Luxembourg
0.797141,2006,Luxembourg
0.89982,1998,Luxembourg
0.938627,1999,Luxembourg
0.886812,1997,Luxembourg
0.719333,2009,Latvia
0.754798,2010,Latvia
0.73106,2007,Latvia
0.68414,2008,Latvia
0.768683,2004,Latvia
0.803519,2005,Latvia
0.797389,2006,Latvia
1.047898,1992,Latvia
0.960913,1993,Latvia
0.796452,1994,Latvia
0.750683,1995,Latvia
0.713191,2011,Latvia
0.778133,2012,Latvia
0.753256,2013,Latvia
0.753731,2014,Latvia
0.901659,2015,Latvia
0.893445,2001,Latvia
0.879607,2002,Latvia
0.813136,2003,Latvia
0.832617,1999,Latvia
0.783647,1996,Latvia
0.82657,1997,Latvia
0.839257,1998,Latvia
0.862972,2000,Latvia
0.0125,1961,Mexico
0.0125,1959,Mexico
0.0125,1960,Mexico
0.0125,1965,Mexico
8.65,1953,Mexico
12.5,1954,Mexico
12.5,1955,Mexico
12.5,1956,Mexico
0.0125,1957,Mexico
0.0125,1958,Mexico
9.136042,1998,Mexico
9.560398,1999,Mexico
9.455558,2000,Mexico
0.0125,1962,Mexico
0.0125,1963,Mexico
0.0125,1964,Mexico
3.01843,1991,Mexico
3.094898,1992,Mexico
3.115617,1993,Mexico
3.375117,1994,Mexico
6.419425,1995,Mexico
7.599448,1996,Mexico
7.91846,1997,Mexico
0.0125,1971,Mexico
0.0125,1972,Mexico
0.0125,1973,Mexico
9.342342,2001,Mexico
9.655958,2002,Mexico
10.789019,2003,Mexico
11.285967,2004,Mexico
10.897892,2005,Mexico
0.0125,1966,Mexico
0.0125,1967,Mexico
0.0125,1968,Mexico
0.0125,1969,Mexico
0.0125,1970,Mexico
0.167828,1984,Mexico
0.256872,1985,Mexico
0.611773,1986,Mexico
1.378183,1987,Mexico
2.273105,1988,Mexico
2.461473,1989,Mexico
2.812599,1990,Mexico
8.65,1950,Mexico
8.65,1951,Mexico
8.65,1952,Mexico
10.899242,2006,Mexico
10.928192,2007,Mexico
11.129717,2008,Mexico
13.513475,2009,Mexico
12.636008,2010,Mexico
12.423325,2011,Mexico
13.169458,2012,Mexico
0.0125,1974,Mexico
0.0125,1975,Mexico
0.015426,1976,Mexico
0.022573,1977,Mexico
0.022767,1978,Mexico
0.022805,1979,Mexico
0.022951,1980,Mexico
0.024515,1981,Mexico
0.056402,1982,Mexico
0.120094,1983,Mexico
12.771992,2013,Mexico
13.29245,2014,Mexico
15.848267,2015,Mexico
0.901659,2015,Netherlands
0.778294,2012,Netherlands
0.753159,2013,Netherlands
0.753731,2014,Netherlands
0.981791,1978,Netherlands
0.910279,1979,Netherlands
0.682675,2008,Netherlands
0.719843,2009,Netherlands
0.755045,2010,Netherlands
0.719355,2011,Netherlands
1.724365,1957,Netherlands
1.724365,1958,Netherlands
1.724365,1959,Netherlands
1.724365,1960,Netherlands
1.147606,1975,Netherlands
1.199768,1976,Netherlands
1.11369,1977,Netherlands
1.642684,1964,Netherlands
1.642684,1965,Netherlands
1.642684,1966,Netherlands
1.642684,1967,Netherlands
1.642684,1968,Netherlands
1.642684,1969,Netherlands
1.642684,1970,Netherlands
1.595982,1971,Netherlands
1.456408,1972,Netherlands
1.268565,1973,Netherlands
1.656298,1961,Netherlands
1.642684,1962,Netherlands
1.642684,1963,Netherlands
1.724365,1950,Netherlands
1.724365,1951,Netherlands
1.724365,1952,Netherlands
0.902168,1980,Netherlands
1.132272,1981,Netherlands
1.211688,1982,Netherlands
1.295145,1983,Netherlands
1.456037,1984,Netherlands
1.507186,1985,Netherlands
1.111773,1986,Netherlands
1.219935,1974,Netherlands
1.085401,2000,Netherlands
1.11751,2001,Netherlands
1.062552,2002,Netherlands
0.886034,2003,Netherlands
0.805365,2004,Netherlands
1.724365,1953,Netherlands
1.724365,1954,Netherlands
1.724365,1955,Netherlands
1.724365,1956,Netherlands
0.765027,1996,Netherlands
0.885448,1997,Netherlands
0.900179,1998,Netherlands
0.938627,1999,Netherlands
0.962349,1989,Netherlands
0.80412,2005,Netherlands
0.919223,1987,Netherlands
0.896934,1988,Netherlands
0.842808,1993,Netherlands
0.825878,1994,Netherlands
0.797141,2006,Netherlands
0.730638,2007,Netherlands
0.797957,1992,Netherlands
0.728624,1995,Netherlands
0.848418,1991,Netherlands
0.826307,1990,Netherlands
6.4425,2005,Norway
7.080217,2003,Norway
6.740833,2004,Norway
7.14286,1950,Norway
7.983779,2002,Norway
5.861667,2007,Norway
5.64,2008,Norway
6.288333,2009,Norway
6.413333,2006,Norway
7.545097,1998,Norway
7.799172,1999,Norway
8.801842,2000,Norway
8.991654,2001,Norway
7.14286,1960,Norway
7.14286,1961,Norway
7.14286,1962,Norway
7.14286,1963,Norway
7.14286,1951,Norway
7.14286,1952,Norway
7.14286,1953,Norway
7.14286,1954,Norway
7.14286,1955,Norway
7.14286,1956,Norway
7.14286,1957,Norway
7.14286,1958,Norway
7.14286,1959,Norway
6.301667,2014,Norway
8.064167,2015,Norway
5.226942,1975,Norway
5.456517,1976,Norway
7.14286,1964,Norway
7.14286,1965,Norway
7.14286,1966,Norway
7.14286,1967,Norway
7.14286,1968,Norway
6.044167,2010,Norway
5.604607,2011,Norway
5.8175,2012,Norway
5.875,2013,Norway
7.394742,1986,Norway
6.73745,1987,Norway
6.516983,1988,Norway
6.9045,1989,Norway
6.259742,1990,Norway
6.482943,1991,Norway
6.214501,1992,Norway
7.094129,1993,Norway
7.057584,1994,Norway
6.335157,1995,Norway
6.449808,1996,Norway
7.073401,1997,Norway
7.055905,1971,Norway
6.588249,1972,Norway
5.765833,1973,Norway
5.539708,1974,Norway
5.24225,1978,Norway
5.064067,1979,Norway
4.939225,1980,Norway
5.3235,1977,Norway
7.14286,1970,Norway
7.296367,1983,Norway
8.161458,1984,Norway
7.14286,1969,Norway
5.739508,1981,Norway
6.454033,1982,Norway
8.597233,1985,Norway
0.714288,1951,New Zealand
0.714288,1950,New Zealand
1.672148,1989,New Zealand
1.694561,1987,New Zealand
1.526401,1988,New Zealand
0.714288,1954,New Zealand
1.676203,1990,New Zealand
0.714288,1952,New Zealand
0.714288,1953,New Zealand
1.763992,1984,New Zealand
2.023372,1985,New Zealand
1.913161,1986,New Zealand
0.714288,1960,New Zealand
0.715514,1961,New Zealand
0.719194,1962,New Zealand
0.719194,1963,New Zealand
1.733514,1991,New Zealand
1.861792,1992,New Zealand
1.850513,1993,New Zealand
1.686522,1994,New Zealand
0.714288,1955,New Zealand
0.714288,1956,New Zealand
0.714288,1957,New Zealand
0.714288,1958,New Zealand
0.714288,1959,New Zealand
0.736812,1973,New Zealand
0.715403,1974,New Zealand
0.832307,1975,New Zealand
1.004889,1976,New Zealand
1.030312,1977,New Zealand
0.964425,1978,New Zealand
0.978502,1979,New Zealand
1.02668,1980,New Zealand
1.152795,1981,New Zealand
1.332608,1982,New Zealand
1.496773,1983,New Zealand
1.454848,1996,New Zealand
1.512421,1997,New Zealand
1.868249,1998,New Zealand
1.889614,1999,New Zealand
2.201149,2000,New Zealand
2.378751,2001,New Zealand
2.162191,2002,New Zealand
0.719194,1964,New Zealand
0.719194,1965,New Zealand
0.719194,1966,New Zealand
0.733666,1967,New Zealand
0.892857,1968,New Zealand
1.523877,1995,New Zealand
0.892857,1970,New Zealand
0.880607,1971,New Zealand
0.83668,1972,New Zealand
1.234284,2012,New Zealand
1.219408,2013,New Zealand
1.205433,2014,New Zealand
1.433975,2015,New Zealand
1.542056,2006,New Zealand
1.722099,2003,New Zealand
1.508681,2004,New Zealand
1.420273,2005,New Zealand
1.387834,2010,New Zealand
0.892857,1969,New Zealand
1.422727,2008,New Zealand
1.600877,2009,New Zealand
1.265811,2011,New Zealand
1.360675,2007,New Zealand
0.00332,1979,Poland
0.000332,1977,Poland
0.000581,1978,Poland
4e-04,1951,Poland
4e-04,1952,Poland
0.000332,1976,Poland
4e-04,1950,Poland
0.008482,1982,Poland
0.009155,1983,Poland
0.004422,1980,Poland
0.005115,1981,Poland
0.000335,1973,Poland
0.000332,1974,Poland
0.000332,1975,Poland
4e-04,1962,Poland
4e-04,1963,Poland
4e-04,1964,Poland
4e-04,1965,Poland
4e-04,1966,Poland
4e-04,1967,Poland
4e-04,1968,Poland
4e-04,1969,Poland
4e-04,1970,Poland
0.000389,1971,Poland
0.000368,1972,Poland
2.962848,2011,Poland
3.256542,2012,Poland
3.160617,2013,Poland
3.154542,2014,Poland
3.7695,2015,Poland
0.143918,1989,Poland
0.95,1990,Poland
4e-04,1953,Poland
4e-04,1954,Poland
4e-04,1955,Poland
4e-04,1956,Poland
4e-04,1957,Poland
4e-04,1958,Poland
0.011324,1984,Poland
0.014714,1985,Poland
0.017529,1986,Poland
0.026508,1987,Poland
0.043055,1988,Poland
4.080033,2002,Poland
3.889075,2003,Poland
3.657642,2004,Poland
3.235483,2005,Poland
3.103158,2006,Poland
2.76795,2007,Poland
2.409242,2008,Poland
3.120142,2009,Poland
4e-04,1959,Poland
4e-04,1960,Poland
4e-04,1961,Poland
4.346075,2000,Poland
4.0939,2001,Poland
1.362643,1992,Poland
1.811497,1993,Poland
2.272277,1994,Poland
1.057606,1991,Poland
3.0153,2010,Poland
3.279292,1997,Poland
3.4754,1998,Poland
2.424983,1995,Poland
2.6961,1996,Poland
3.967108,1999,Poland
0.673366,1992,Portugal
0.827968,1994,Portugal
0.71106,1990,Portugal
0.802068,1993,Portugal
0.143404,1950,Portugal
0.143404,1951,Portugal
0.753711,1995,Portugal
0.720673,1991,Portugal
0.874455,1997,Portugal
0.898357,1998,Portugal
0.938627,1999,Portugal
0.769364,1996,Portugal
0.702719,1987,Portugal
0.718039,1988,Portugal
0.785398,1989,Portugal
0.886034,2003,Portugal
0.805365,2004,Portugal
0.80412,2005,Portugal
0.797141,2006,Portugal
0.143404,1952,Portugal
0.143404,1953,Portugal
0.143404,1954,Portugal
0.143404,1955,Portugal
0.143404,1956,Portugal
0.143404,1957,Portugal
1.085401,2000,Portugal
1.11751,2001,Portugal
1.062552,2002,Portugal
0.127457,1975,Portugal
0.150782,1976,Portugal
0.190925,1977,Portugal
0.219158,1978,Portugal
0.244029,1979,Portugal
0.249709,1980,Portugal
0.306992,1981,Portugal
0.396411,1982,Portugal
0.552567,1983,Portugal
0.730192,1984,Portugal
0.849925,1985,Portugal
0.746136,1986,Portugal
0.143404,1959,Portugal
0.143404,1960,Portugal
0.143404,1961,Portugal
0.143404,1962,Portugal
0.143404,1963,Portugal
0.143404,1964,Portugal
0.730638,2007,Portugal
0.682675,2008,Portugal
0.719843,2009,Portugal
0.755045,2010,Portugal
0.719355,2011,Portugal
0.778294,2012,Portugal
0.143404,1958,Portugal
0.753731,2014,Portugal
0.901659,2015,Portugal
0.122281,1973,Portugal
0.126735,1974,Portugal
0.143404,1965,Portugal
0.143404,1966,Portugal
0.143404,1967,Portugal
0.143404,1968,Portugal
0.753159,2013,Portugal
0.143404,1970,Portugal
0.14146,1971,Portugal
0.134942,1972,Portugal
0.143404,1969,Portugal
0.991667,1993,Russia
30.692025,2003,Russia
28.284442,2005,Russia
27.190958,2006,Russia
25.580845,2007,Russia
28.813742,2004,Russia
31.740358,2009,Russia
30.367915,2010,Russia
29.382341,2011,Russia
24.852875,2008,Russia
38.378207,2014,Russia
60.93765,2015,Russia
29.168525,2001,Russia
31.348483,2002,Russia
2.19075,1994,Russia
4.55915,1995,Russia
5.120833,1996,Russia
5.784833,1997,Russia
30.839831,2012,Russia
31.837144,2013,Russia
28.129167,2000,Russia
9.705083,1998,Russia
24.6199,1999,Russia
3.75,1958,Saudi Arabia
3.75,1957,Saudi Arabia
4.5,1962,Saudi Arabia
3.75,1959,Saudi Arabia
4.5,1960,Saudi Arabia
4.5,1961,Saudi Arabia
4.5,1966,Saudi Arabia
4.5,1967,Saudi Arabia
4.5,1968,Saudi Arabia
4.5,1969,Saudi Arabia
4.5,1970,Saudi Arabia
4.486829,1971,Saudi Arabia
4.144753,1972,Saudi Arabia
3.706589,1973,Saudi Arabia
3.55,1974,Saudi Arabia
3.517612,1975,Saudi Arabia
4.5,1963,Saudi Arabia
4.5,1964,Saudi Arabia
4.5,1965,Saudi Arabia
3.75,1952,Saudi Arabia
3.75,1953,Saudi Arabia
3.75,1954,Saudi Arabia
3.75,1955,Saudi Arabia
3.75,1956,Saudi Arabia
3.75,1997,Saudi Arabia
3.75,1998,Saudi Arabia
3.75,1999,Saudi Arabia
3.75,2000,Saudi Arabia
3.75,2001,Saudi Arabia
3.75,2002,Saudi Arabia
3.75,2003,Saudi Arabia
3.75,2004,Saudi Arabia
3.747083,2005,Saudi Arabia
3.745,2006,Saudi Arabia
3.7475,2007,Saudi Arabia
3.75,2008,Saudi Arabia
3.75,2009,Saudi Arabia
3.75,2010,Saudi Arabia
3.75,2011,Saudi Arabia
3.75,2012,Saudi Arabia
3.75,2013,Saudi Arabia
3.75,2014,Saudi Arabia
3.75,2015,Saudi Arabia
3.53,1976,Saudi Arabia
3.525065,1977,Saudi Arabia
3.399562,1978,Saudi Arabia
3.360837,1979,Saudi Arabia
3.326742,1980,Saudi Arabia
3.382508,1981,Saudi Arabia
3.428171,1982,Saudi Arabia
3.454759,1983,Saudi Arabia
3.523811,1984,Saudi Arabia
3.622136,1985,Saudi Arabia
3.70625,1986,Saudi Arabia
3.75,1987,Saudi Arabia
3.75,1988,Saudi Arabia
3.75,1989,Saudi Arabia
3.75,1990,Saudi Arabia
3.75,1991,Saudi Arabia
3.75,1992,Saudi Arabia
3.75,1993,Saudi Arabia
3.75,1994,Saudi Arabia
3.75,1995,Saudi Arabia
3.75,1996,Saudi Arabia
0.719843,2009,Slovakia
0.719355,2011,Slovakia
0.778294,2012,Slovakia
0.709069,2008,Slovakia
0.755045,2010,Slovakia
1.017518,1996,Slovakia
1.115852,1997,Slovakia
1.169535,1998,Slovakia
0.986305,1995,Slovakia
0.753731,2014,Slovakia
0.901659,2015,Slovakia
1.504572,2002,Slovakia
0.753159,2013,Slovakia
1.029617,2005,Slovakia
0.985768,2006,Slovakia
0.819702,2007,Slovakia
1.021363,1993,Slovakia
1.063694,1994,Slovakia
1.528088,2000,Slovakia
1.605086,2001,Slovakia
1.372995,1999,Slovakia
1.070733,2004,Slovakia
1.220637,2003,Slovakia
0.564865,1996,Slovenia
0.47255,1993,Slovenia
0.115053,1991,Slovenia
0.339205,1992,Slovenia
0.537509,1994,Slovenia
0.494569,1995,Slovenia
0.730638,2007,Slovenia
0.682675,2008,Slovenia
0.804146,2005,Slovenia
0.797147,2006,Slovenia
0.758509,1999,Slovenia
0.929127,2000,Slovenia
0.666368,1997,Slovenia
0.693266,1998,Slovenia
1.002538,2002,Slovenia
0.86427,2003,Slovenia
0.802792,2004,Slovenia
0.719355,2011,Slovenia
1.012973,2001,Slovenia
0.719843,2009,Slovenia
0.755045,2010,Slovenia
0.901659,2015,Slovenia
0.753159,2013,Slovenia
0.753731,2014,Slovenia
0.778294,2012,Slovenia
5.17321,1962,Sweden
5.17321,1959,Sweden
5.17321,1960,Sweden
5.17321,1961,Sweden
5.17321,1953,Sweden
5.17321,1954,Sweden
5.17321,1955,Sweden
5.17321,1956,Sweden
5.17321,1957,Sweden
5.17321,1958,Sweden
7.949868,1998,Sweden
8.262428,1999,Sweden
9.162244,2000,Sweden
10.329136,2001,Sweden
5.17321,1963,Sweden
5.17321,1964,Sweden
5.17321,1965,Sweden
5.823833,1992,Sweden
7.783427,1993,Sweden
7.71597,1994,Sweden
7.133268,1995,Sweden
6.705956,1996,Sweden
7.634894,1997,Sweden
5.125905,1971,Sweden
4.762417,1972,Sweden
4.36725,1973,Sweden
4.439425,1974,Sweden
9.737123,2002,Sweden
8.086304,2003,Sweden
7.348887,2004,Sweden
7.473088,2005,Sweden
5.17321,1966,Sweden
5.17321,1967,Sweden
5.17321,1968,Sweden
5.17321,1969,Sweden
5.17321,1970,Sweden
8.2718,1984,Sweden
8.603925,1985,Sweden
7.123583,1986,Sweden
6.340442,1987,Sweden
6.12715,1988,Sweden
6.446876,1989,Sweden
5.91879,1990,Sweden
6.047467,1991,Sweden
5.172771,1950,Sweden
5.17321,1951,Sweden
5.17321,1952,Sweden
6.75877,2007,Sweden
6.591099,2008,Sweden
7.653819,2009,Sweden
7.207524,2010,Sweden
6.493543,2011,Sweden
6.775016,2012,Sweden
6.513972,2013,Sweden
4.152192,1975,Sweden
4.355892,1976,Sweden
4.481642,1977,Sweden
4.518475,1978,Sweden
4.287083,1979,Sweden
7.378249,2006,Sweden
5.063442,1981,Sweden
6.282608,1982,Sweden
7.667108,1983,Sweden
6.860785,2014,Sweden
8.434841,2015,Sweden
4.229575,1980,Sweden
2.8,1951,Turkey
2.8,1950,Turkey
0.002122,1989,Turkey
0.000857,1987,Turkey
0.001422,1988,Turkey
2.8,1954,Turkey
0.002609,1990,Turkey
2.8,1952,Turkey
2.8,1953,Turkey
0.000367,1984,Turkey
0.000522,1985,Turkey
0.000675,1986,Turkey
9e-06,1960,Turkey
9e-06,1961,Turkey
9e-06,1962,Turkey
9e-06,1963,Turkey
0.004172,1991,Turkey
0.006872,1992,Turkey
0.010985,1993,Turkey
0.029609,1994,Turkey
2.8,1955,Turkey
2.8,1956,Turkey
0.233336,1957,Turkey
5e-06,1958,Turkey
9e-06,1959,Turkey
1.4e-05,1973,Turkey
1.4e-05,1974,Turkey
1.4e-05,1975,Turkey
1.6e-05,1976,Turkey
1.8e-05,1977,Turkey
2.4e-05,1978,Turkey
3.1e-05,1979,Turkey
7.6e-05,1980,Turkey
0.000111,1981,Turkey
0.000163,1982,Turkey
0.000225,1983,Turkey
0.045845,1995,Turkey
0.081405,1996,Turkey
0.151865,1997,Turkey
0.260724,1998,Turkey
0.418783,1999,Turkey
0.625219,2000,Turkey
1.225588,2001,Turkey
9e-06,1964,Turkey
9e-06,1965,Turkey
9e-06,1966,Turkey
9e-06,1967,Turkey
9e-06,1968,Turkey
9e-06,1969,Turkey
1.1e-05,1970,Turkey
1.5e-05,1971,Turkey
1.4e-05,1972,Turkey
1.674955,2011,Turkey
1.796001,2012,Turkey
1.903768,2013,Turkey
2.188542,2014,Turkey
2.720009,2015,Turkey
1.507226,2002,Turkey
1.500885,2003,Turkey
1.425537,2004,Turkey
1.343583,2005,Turkey
1.428453,2006,Turkey
1.302931,2007,Turkey
1.301522,2008,Turkey
1.54996,2009,Turkey
1.502849,2010,Turkey
1,1979,United States
1,1977,United States
1,1978,United States
1,1951,United States
1,1952,United States
1,1980,United States
1,1950,United States
1,1982,United States
1,1983,United States
1,1984,United States
1,1981,United States
1,1973,United States
1,1974,United States
1,1975,United States
1,1976,United States
1,1963,United States
1,1964,United States
1,1965,United States
1,1966,United States
1,1967,United States
1,1968,United States
1,1969,United States
1,1970,United States
1,1971,United States
1,1972,United States
1,2012,United States
1,2013,United States
1,2014,United States
1,2015,United States
1,1989,United States
1,1990,United States
1,1991,United States
1,1953,United States
1,1954,United States
1,1955,United States
1,1956,United States
1,1957,United States
1,1958,United States
1,1985,United States
1,1986,United States
1,1987,United States
1,1988,United States
1,2002,United States
1,2003,United States
1,2004,United States
1,2005,United States
1,2006,United States
1,2007,United States
1,2008,United States
1,2009,United States
1,2010,United States
1,1959,United States
1,1960,United States
1,1961,United States
1,1962,United States
1,2001,United States
1,1993,United States
1,1994,United States
1,1995,United States
1,1992,United States
1,2011,United States
1,1998,United States
1,1999,United States
1,1996,United States
1,1997,United States
1,2000,United States
0.714286,1968,South Africa
0.714286,1967,South Africa
0.768705,1972,South Africa
0.714286,1970,South Africa
0.715217,1971,South Africa
3.267742,1993,South Africa
0.714286,1969,South Africa
3.627085,1995,South Africa
4.299349,1996,South Africa
4.607962,1997,South Africa
3.550798,1994,South Africa
0.693959,1973,South Africa
0.679477,1974,South Africa
0.739508,1975,South Africa
5.528284,1998,South Africa
0.714286,1964,South Africa
0.714286,1965,South Africa
0.714286,1966,South Africa
6.771549,2006,South Africa
7.045365,2007,South Africa
8.261223,2008,South Africa
8.473674,2009,South Africa
7.321222,2010,South Africa
7.261132,2011,South Africa
6.109484,1999,South Africa
6.939828,2000,South Africa
8.609181,2001,South Africa
10.540747,2002,South Africa
7.564749,2003,South Africa
6.459693,2004,South Africa
6.359328,2005,South Africa
0.842023,1979,South Africa
0.778834,1980,South Africa
0.877579,1981,South Africa
1.085816,1982,South Africa
1.1141,1983,South Africa
1.475277,1984,South Africa
8.209969,2012,South Africa
9.655056,2013,South Africa
10.852656,2014,South Africa
12.758931,2015,South Africa
0.869565,1976,South Africa
0.869565,1977,South Africa
0.869565,1978,South Africa
2.852014,1992,South Africa
0.714286,1952,South Africa
0.714286,1953,South Africa
0.714286,1954,South Africa
0.714286,1955,South Africa
0.714286,1956,South Africa
0.714286,1957,South Africa
0.714286,1958,South Africa
0.714286,1959,South Africa
0.714286,1960,South Africa
0.714286,1961,South Africa
0.714286,1962,South Africa
0.714286,1963,South Africa
2.761315,1991,South Africa
0.714286,1950,South Africa
0.714286,1951,South Africa
2.228675,1985,South Africa
2.285032,1986,South Africa
2.036033,1987,South Africa
2.273468,1988,South Africa
2.622678,1989,South Africa
2.587321,1990,South Africa
